original_url,file_id,direct_url,format,success,error,accessible
"https://drive.google.com/file/d/1-C95wTFlqmZ84Zh3LUYPrbzWtwvGcBaj/view?usp=sharing","1-C95wTFlqmZ84Zh3LUYPrbzWtwvGcBaj","https://drive.google.com/uc?id=1-C95wTFlqmZ84Zh3LUYPrbzWtwvGcBaj","view","true","","false"
"https://drive.google.com/file/d/101ifAGkppXAOPVe5XqL-feKlvNU1cn1C/view?usp=sharing","101ifAGkppXAOPVe5XqL-feKlvNU1cn1C","https://drive.google.com/uc?id=101ifAGkppXAOPVe5XqL-feKlvNU1cn1C","view","true","","false"
"https://drive.google.com/file/d/10NWcjJj2HlTTDCQFntblimNA3KAEVWz5/view?usp=sharing","10NWcjJj2HlTTDCQFntblimNA3KAEVWz5","https://drive.google.com/uc?id=10NWcjJj2HlTTDCQFntblimNA3KAEVWz5","view","true","","false"
"https://drive.google.com/file/d/10Z6hIOKZ2ozGgphiMdIQiqzO2pavahO-/view?usp=sharing","10Z6hIOKZ2ozGgphiMdIQiqzO2pavahO-","https://drive.google.com/uc?id=10Z6hIOKZ2ozGgphiMdIQiqzO2pavahO-","view","true","","false"
"https://drive.google.com/file/d/10lK-RsY4p36oFLtEZAAksAUKplyv2jUD/view?usp=sharing","10lK-RsY4p36oFLtEZAAksAUKplyv2jUD","https://drive.google.com/uc?id=10lK-RsY4p36oFLtEZAAksAUKplyv2jUD","view","true","","false"
"https://drive.google.com/file/d/113TE6yHOVIchiVDJAWp5wfA51FxM0QLX/view?usp=sharing","113TE6yHOVIchiVDJAWp5wfA51FxM0QLX","https://drive.google.com/uc?id=113TE6yHOVIchiVDJAWp5wfA51FxM0QLX","view","true","","false"
"https://drive.google.com/file/d/124TkuKBAhmvC91bcdIcHLmkhIcMrjEfZ/view?usp=sharing","124TkuKBAhmvC91bcdIcHLmkhIcMrjEfZ","https://drive.google.com/uc?id=124TkuKBAhmvC91bcdIcHLmkhIcMrjEfZ","view","true","","false"
"https://drive.google.com/file/d/12n_c8dX_3d-zsxles6eL395LcGvd0GNT/view?usp=sharing","12n_c8dX_3d-zsxles6eL395LcGvd0GNT","https://drive.google.com/uc?id=12n_c8dX_3d-zsxles6eL395LcGvd0GNT","view","true","","false"
"https://drive.google.com/file/d/13TbiVbl-QS6v-wfo2ivlhUWc56pRVc8h/view?usp=sharing","13TbiVbl-QS6v-wfo2ivlhUWc56pRVc8h","https://drive.google.com/uc?id=13TbiVbl-QS6v-wfo2ivlhUWc56pRVc8h","view","true","","false"
"https://drive.google.com/file/d/15eXgmXJJFmbs-nuYm-JLIs4B6TxuPpWa/view?usp=sharing","15eXgmXJJFmbs-nuYm-JLIs4B6TxuPpWa","https://drive.google.com/uc?id=15eXgmXJJFmbs-nuYm-JLIs4B6TxuPpWa","view","true","","false"
"https://drive.google.com/file/d/160kPr90NEM69PLN32nowHDRapeAyXNYZ/view?usp=sharing","160kPr90NEM69PLN32nowHDRapeAyXNYZ","https://drive.google.com/uc?id=160kPr90NEM69PLN32nowHDRapeAyXNYZ","view","true","","false"
"https://drive.google.com/file/d/174o0Msm1DZAj2ccoEG6OAeazPs7BuNL-/view?usp=sharing","174o0Msm1DZAj2ccoEG6OAeazPs7BuNL-","https://drive.google.com/uc?id=174o0Msm1DZAj2ccoEG6OAeazPs7BuNL-","view","true","","false"
"https://drive.google.com/file/d/18AO7QNEjprhZxigrj7RMT47ad_YVDdVa/view?usp=sharing","18AO7QNEjprhZxigrj7RMT47ad_YVDdVa","https://drive.google.com/uc?id=18AO7QNEjprhZxigrj7RMT47ad_YVDdVa","view","true","","false"
"https://drive.google.com/file/d/18iXNdlX8ob6ducMCWjhHPv_4vZ8qrS7a/view?usp=sharing","18iXNdlX8ob6ducMCWjhHPv_4vZ8qrS7a","https://drive.google.com/uc?id=18iXNdlX8ob6ducMCWjhHPv_4vZ8qrS7a","view","true","","false"
"https://drive.google.com/file/d/195OmXeggxWoQ6rDek3Xpq7UhAj7QJeqO/view?usp=sharing","195OmXeggxWoQ6rDek3Xpq7UhAj7QJeqO","https://drive.google.com/uc?id=195OmXeggxWoQ6rDek3Xpq7UhAj7QJeqO","view","true","","false"
"https://drive.google.com/file/d/197NMWjMumC0eJplpfcHias-XesUyM5Ue/view?usp=sharing","197NMWjMumC0eJplpfcHias-XesUyM5Ue","https://drive.google.com/uc?id=197NMWjMumC0eJplpfcHias-XesUyM5Ue","view","true","","false"
"https://drive.google.com/file/d/197Qhn5_7_wXaWARsyKDLJGsETfnHM_BD/view?usp=sharing","197Qhn5_7_wXaWARsyKDLJGsETfnHM_BD","https://drive.google.com/uc?id=197Qhn5_7_wXaWARsyKDLJGsETfnHM_BD","view","true","","false"
"https://drive.google.com/file/d/19rrSeH4FG6mETURNNR5YkYacj7ZGgCKu/view?usp=sharing","19rrSeH4FG6mETURNNR5YkYacj7ZGgCKu","https://drive.google.com/uc?id=19rrSeH4FG6mETURNNR5YkYacj7ZGgCKu","view","true","","false"
"https://drive.google.com/file/d/1AXNd13-xlyzNCcaOmKrua6Vw8VoumFXz/view?usp=sharing","1AXNd13-xlyzNCcaOmKrua6Vw8VoumFXz","https://drive.google.com/uc?id=1AXNd13-xlyzNCcaOmKrua6Vw8VoumFXz","view","true","","false"
"https://drive.google.com/file/d/1B8Va9Mqz0eUjWKWWUNIiglfGv0eErcfj/view?usp=sharing","1B8Va9Mqz0eUjWKWWUNIiglfGv0eErcfj","https://drive.google.com/uc?id=1B8Va9Mqz0eUjWKWWUNIiglfGv0eErcfj","view","true","","false"
"https://drive.google.com/file/d/1BeLU37ErPUDFp1iZP9lXA9H2nzLc6xcU/view?usp=sharing","1BeLU37ErPUDFp1iZP9lXA9H2nzLc6xcU","https://drive.google.com/uc?id=1BeLU37ErPUDFp1iZP9lXA9H2nzLc6xcU","view","true","","false"
"https://drive.google.com/file/d/1CbPcESLSxUht8OU529DuMDHY3J_2PbXq/view?usp=sharing","1CbPcESLSxUht8OU529DuMDHY3J_2PbXq","https://drive.google.com/uc?id=1CbPcESLSxUht8OU529DuMDHY3J_2PbXq","view","true","","false"
"https://drive.google.com/file/d/1DZ0Vwf3iDOg7uPeHXA5PtD2ZgKC497Ps/view?usp=sharing","1DZ0Vwf3iDOg7uPeHXA5PtD2ZgKC497Ps","https://drive.google.com/uc?id=1DZ0Vwf3iDOg7uPeHXA5PtD2ZgKC497Ps","view","true","","false"
"https://drive.google.com/file/d/1Dtpeu14OkqVS3iRh5_zi-HWEFdIkuqf7/view?usp=sharing","1Dtpeu14OkqVS3iRh5_zi-HWEFdIkuqf7","https://drive.google.com/uc?id=1Dtpeu14OkqVS3iRh5_zi-HWEFdIkuqf7","view","true","","false"
"https://drive.google.com/file/d/1E7LJRDZGYUD50Y6QHlsv3koPs5EPGI5o/view?usp=sharing","1E7LJRDZGYUD50Y6QHlsv3koPs5EPGI5o","https://drive.google.com/uc?id=1E7LJRDZGYUD50Y6QHlsv3koPs5EPGI5o","view","true","","false"
"https://drive.google.com/file/d/1FGp_6VUty_PgFy6-K6H2R7YJi0kzePIH/view?usp=sharing","1FGp_6VUty_PgFy6-K6H2R7YJi0kzePIH","https://drive.google.com/uc?id=1FGp_6VUty_PgFy6-K6H2R7YJi0kzePIH","view","true","","false"
"https://drive.google.com/file/d/1FpDML61zSjreQvZQ53eP0_Q1emNpGLFC/view?usp=sharing","1FpDML61zSjreQvZQ53eP0_Q1emNpGLFC","https://drive.google.com/uc?id=1FpDML61zSjreQvZQ53eP0_Q1emNpGLFC","view","true","","false"
"https://drive.google.com/file/d/1HBt4bHfbjyoPCJQvwScWVBda0Kjl2UfZ/view?usp=sharing","1HBt4bHfbjyoPCJQvwScWVBda0Kjl2UfZ","https://drive.google.com/uc?id=1HBt4bHfbjyoPCJQvwScWVBda0Kjl2UfZ","view","true","","false"
"https://drive.google.com/file/d/1I3khobeDfMRpi4RRuRTWjAmV5PbNuf_d/view?usp=sharing","1I3khobeDfMRpi4RRuRTWjAmV5PbNuf_d","https://drive.google.com/uc?id=1I3khobeDfMRpi4RRuRTWjAmV5PbNuf_d","view","true","","false"
"https://drive.google.com/file/d/1JL2tBCiv92ngcw5pb1UlX4W6H6z9aZvV/view?usp=sharing","1JL2tBCiv92ngcw5pb1UlX4W6H6z9aZvV","https://drive.google.com/uc?id=1JL2tBCiv92ngcw5pb1UlX4W6H6z9aZvV","view","true","","false"
"https://drive.google.com/file/d/1JP5TRZCtWGcPNG_3_W9WFksdyoOqP1Yx/view?usp=sharing","1JP5TRZCtWGcPNG_3_W9WFksdyoOqP1Yx","https://drive.google.com/uc?id=1JP5TRZCtWGcPNG_3_W9WFksdyoOqP1Yx","view","true","","false"
"https://drive.google.com/file/d/1JQ_DEZ7IBbsvbg56GnWznRpSPUNh3C4w/view?usp=sharing","1JQ_DEZ7IBbsvbg56GnWznRpSPUNh3C4w","https://drive.google.com/uc?id=1JQ_DEZ7IBbsvbg56GnWznRpSPUNh3C4w","view","true","","false"
"https://drive.google.com/file/d/1JiWLAJH0PpFPHumGJhEEXuJYar-SXIub/view?usp=sharing","1JiWLAJH0PpFPHumGJhEEXuJYar-SXIub","https://drive.google.com/uc?id=1JiWLAJH0PpFPHumGJhEEXuJYar-SXIub","view","true","","false"
"https://drive.google.com/file/d/1K8NUS2225jUQqcwXMoYpy6tP1Fy2G6LE/view?usp=sharing","1K8NUS2225jUQqcwXMoYpy6tP1Fy2G6LE","https://drive.google.com/uc?id=1K8NUS2225jUQqcwXMoYpy6tP1Fy2G6LE","view","true","","false"
"https://drive.google.com/file/d/1K9kDmsqvLT0LyItOxNW65841GRmv5mMB/view?usp=sharing","1K9kDmsqvLT0LyItOxNW65841GRmv5mMB","https://drive.google.com/uc?id=1K9kDmsqvLT0LyItOxNW65841GRmv5mMB","view","true","","false"
"https://drive.google.com/file/d/1L9Uh__wSgffq3UXKKK6r2fUoh6kRZXvK/view?usp=sharing","1L9Uh__wSgffq3UXKKK6r2fUoh6kRZXvK","https://drive.google.com/uc?id=1L9Uh__wSgffq3UXKKK6r2fUoh6kRZXvK","view","true","","false"
"https://drive.google.com/file/d/1Lj9EGSMbx2Aw6hzP19twBq_ILiwRslgE/view?usp=sharing","1Lj9EGSMbx2Aw6hzP19twBq_ILiwRslgE","https://drive.google.com/uc?id=1Lj9EGSMbx2Aw6hzP19twBq_ILiwRslgE","view","true","","false"
"https://drive.google.com/file/d/1Ll6ykYxMi5AfS0Ds7g_hDFX5DR975GMA/view?usp=sharing","1Ll6ykYxMi5AfS0Ds7g_hDFX5DR975GMA","https://drive.google.com/uc?id=1Ll6ykYxMi5AfS0Ds7g_hDFX5DR975GMA","view","true","","false"
"https://drive.google.com/file/d/1M-bDh2K9VcjqUlie2_I94ej8Fg0Hr1BC/view?usp=sharing","1M-bDh2K9VcjqUlie2_I94ej8Fg0Hr1BC","https://drive.google.com/uc?id=1M-bDh2K9VcjqUlie2_I94ej8Fg0Hr1BC","view","true","","false"
"https://drive.google.com/file/d/1MB-8m2V3CdhWfrM8YOX3SbK0MYj2C2oH/view?usp=sharing","1MB-8m2V3CdhWfrM8YOX3SbK0MYj2C2oH","https://drive.google.com/uc?id=1MB-8m2V3CdhWfrM8YOX3SbK0MYj2C2oH","view","true","","false"
"https://drive.google.com/file/d/1MK5vI1yoLpGqLMGrM-l-rTDyxsDedym-/view?usp=sharing","1MK5vI1yoLpGqLMGrM-l-rTDyxsDedym-","https://drive.google.com/uc?id=1MK5vI1yoLpGqLMGrM-l-rTDyxsDedym-","view","true","","false"
"https://drive.google.com/file/d/1Md7jVPguwwYtxoWSL0-K6eEU_maaT--c/view?usp=sharing","1Md7jVPguwwYtxoWSL0-K6eEU_maaT--c","https://drive.google.com/uc?id=1Md7jVPguwwYtxoWSL0-K6eEU_maaT--c","view","true","","false"
"https://drive.google.com/file/d/1MjsovBjaqh5By2zXlOUKn3Er3OpsxZTd/view?usp=sharing","1MjsovBjaqh5By2zXlOUKn3Er3OpsxZTd","https://drive.google.com/uc?id=1MjsovBjaqh5By2zXlOUKn3Er3OpsxZTd","view","true","","false"
"https://drive.google.com/file/d/1NutbgVVIawNCHi7MGSnbeoL_K9iZXlLS/view?usp=sharing","1NutbgVVIawNCHi7MGSnbeoL_K9iZXlLS","https://drive.google.com/uc?id=1NutbgVVIawNCHi7MGSnbeoL_K9iZXlLS","view","true","","false"
"https://drive.google.com/file/d/1OpfpQd4U1FZGfwtz0jucWW6SLr3FMJ9l/view?usp=sharing","1OpfpQd4U1FZGfwtz0jucWW6SLr3FMJ9l","https://drive.google.com/uc?id=1OpfpQd4U1FZGfwtz0jucWW6SLr3FMJ9l","view","true","","false"
"https://drive.google.com/file/d/1Ow77YXK2jVlKYfAkBtU1SZPpcMnKKhC0/view?usp=sharing","1Ow77YXK2jVlKYfAkBtU1SZPpcMnKKhC0","https://drive.google.com/uc?id=1Ow77YXK2jVlKYfAkBtU1SZPpcMnKKhC0","view","true","","false"
"https://drive.google.com/file/d/1P8JrGocOeZcMXQLrlbxItChXnIGu-olF/view?usp=sharing","1P8JrGocOeZcMXQLrlbxItChXnIGu-olF","https://drive.google.com/uc?id=1P8JrGocOeZcMXQLrlbxItChXnIGu-olF","view","true","","false"
"https://drive.google.com/file/d/1PxnL4PSrRpsOu4xjrv4saj2aeg0xJIpf/view?usp=sharing","1PxnL4PSrRpsOu4xjrv4saj2aeg0xJIpf","https://drive.google.com/uc?id=1PxnL4PSrRpsOu4xjrv4saj2aeg0xJIpf","view","true","","false"
"https://drive.google.com/file/d/1Q8yOVUBY4Lu4fPkAC_v28s1szbQgzxTv/view?usp=sharing","1Q8yOVUBY4Lu4fPkAC_v28s1szbQgzxTv","https://drive.google.com/uc?id=1Q8yOVUBY4Lu4fPkAC_v28s1szbQgzxTv","view","true","","false"
"https://drive.google.com/file/d/1QfAOjhDGlsGzS2_ZR5G-qsbZBDSnPBP_/view?usp=sharing","1QfAOjhDGlsGzS2_ZR5G-qsbZBDSnPBP_","https://drive.google.com/uc?id=1QfAOjhDGlsGzS2_ZR5G-qsbZBDSnPBP_","view","true","","false"
"https://drive.google.com/file/d/1S1oCtVKlP69kJoeNHK1hniMnpSk6aXdk/view?usp=sharing","1S1oCtVKlP69kJoeNHK1hniMnpSk6aXdk","https://drive.google.com/uc?id=1S1oCtVKlP69kJoeNHK1hniMnpSk6aXdk","view","true","","false"
"https://drive.google.com/file/d/1SWxhWn1QqIN3HfRmvX4EclbdJaCUQET9/view?usp=sharing","1SWxhWn1QqIN3HfRmvX4EclbdJaCUQET9","https://drive.google.com/uc?id=1SWxhWn1QqIN3HfRmvX4EclbdJaCUQET9","view","true","","false"
"https://drive.google.com/file/d/1SbSRmoX2QaGdZIeYSCB_0bSQTJBabSYy/view?usp=sharing","1SbSRmoX2QaGdZIeYSCB_0bSQTJBabSYy","https://drive.google.com/uc?id=1SbSRmoX2QaGdZIeYSCB_0bSQTJBabSYy","view","true","","false"
"https://drive.google.com/file/d/1SfVtq05WXvEnMWNjB0Ldj3fWNE2Nfzcc/view?usp=sharing","1SfVtq05WXvEnMWNjB0Ldj3fWNE2Nfzcc","https://drive.google.com/uc?id=1SfVtq05WXvEnMWNjB0Ldj3fWNE2Nfzcc","view","true","","false"
"https://drive.google.com/file/d/1T-oIjMp9qSHcH1hAZ4Gz78QER9TVI--0/view?usp=sharing","1T-oIjMp9qSHcH1hAZ4Gz78QER9TVI--0","https://drive.google.com/uc?id=1T-oIjMp9qSHcH1hAZ4Gz78QER9TVI--0","view","true","","false"
"https://drive.google.com/file/d/1TCHB5_c_B7YM45s5Mx3UvCJMBZ1WRoTQ/view?usp=sharing","1TCHB5_c_B7YM45s5Mx3UvCJMBZ1WRoTQ","https://drive.google.com/uc?id=1TCHB5_c_B7YM45s5Mx3UvCJMBZ1WRoTQ","view","true","","false"
"https://drive.google.com/file/d/1U8z38uv1lY2sBM5CHKkh-TBGBchFCyBE/view?usp=sharing","1U8z38uv1lY2sBM5CHKkh-TBGBchFCyBE","https://drive.google.com/uc?id=1U8z38uv1lY2sBM5CHKkh-TBGBchFCyBE","view","true","","false"
"https://drive.google.com/file/d/1Upg03PI9V5q8jfmUJHA7o_D_RL4jLYSI/view?usp=sharing","1Upg03PI9V5q8jfmUJHA7o_D_RL4jLYSI","https://drive.google.com/uc?id=1Upg03PI9V5q8jfmUJHA7o_D_RL4jLYSI","view","true","","false"
"https://drive.google.com/file/d/1V0CqMY4zt3mgWkCu4cYqyWcRT4CdjBld/view?usp=sharing","1V0CqMY4zt3mgWkCu4cYqyWcRT4CdjBld","https://drive.google.com/uc?id=1V0CqMY4zt3mgWkCu4cYqyWcRT4CdjBld","view","true","","false"
"https://drive.google.com/file/d/1Vl51vLDlJC6phC2C0T5YuJ4uUZ0s2F8y/view?usp=sharing","1Vl51vLDlJC6phC2C0T5YuJ4uUZ0s2F8y","https://drive.google.com/uc?id=1Vl51vLDlJC6phC2C0T5YuJ4uUZ0s2F8y","view","true","","false"
"https://drive.google.com/file/d/1VwR1lEn-jyPWxw_5jZKGlMUjm3XeGtk8/view?usp=sharing","1VwR1lEn-jyPWxw_5jZKGlMUjm3XeGtk8","https://drive.google.com/uc?id=1VwR1lEn-jyPWxw_5jZKGlMUjm3XeGtk8","view","true","","false"
"https://drive.google.com/file/d/1WJcTyzRouv6DzE4xaVWADTwxO6mqVX3o/view?usp=sharing","1WJcTyzRouv6DzE4xaVWADTwxO6mqVX3o","https://drive.google.com/uc?id=1WJcTyzRouv6DzE4xaVWADTwxO6mqVX3o","view","true","","false"
"https://drive.google.com/file/d/1WPxuBeU12gT4OlIqwhmq0wSvHuDHItW2/view?usp=sharing","1WPxuBeU12gT4OlIqwhmq0wSvHuDHItW2","https://drive.google.com/uc?id=1WPxuBeU12gT4OlIqwhmq0wSvHuDHItW2","view","true","","false"
"https://drive.google.com/file/d/1WbZyKucQUdjSTHOq6B--XKoKdqbJSowc/view?usp=sharing","1WbZyKucQUdjSTHOq6B--XKoKdqbJSowc","https://drive.google.com/uc?id=1WbZyKucQUdjSTHOq6B--XKoKdqbJSowc","view","true","","false"
"https://drive.google.com/file/d/1WqcHxoEgwyf5Sgoexi_kwWeuPM6UsfBg/view?usp=sharing","1WqcHxoEgwyf5Sgoexi_kwWeuPM6UsfBg","https://drive.google.com/uc?id=1WqcHxoEgwyf5Sgoexi_kwWeuPM6UsfBg","view","true","","false"
"https://drive.google.com/file/d/1WrojAEz0GZysqI9By8xVrEslYoc_7upE/view?usp=sharing","1WrojAEz0GZysqI9By8xVrEslYoc_7upE","https://drive.google.com/uc?id=1WrojAEz0GZysqI9By8xVrEslYoc_7upE","view","true","","false"
"https://drive.google.com/file/d/1XBNkVDPylla8gaKPcfQjD_rGxLSFJD-3/view?usp=sharing","1XBNkVDPylla8gaKPcfQjD_rGxLSFJD-3","https://drive.google.com/uc?id=1XBNkVDPylla8gaKPcfQjD_rGxLSFJD-3","view","true","","false"
"https://drive.google.com/file/d/1XEOkCBS4CB03FtdiwdOX9puG7eolOYNA/view?usp=sharing","1XEOkCBS4CB03FtdiwdOX9puG7eolOYNA","https://drive.google.com/uc?id=1XEOkCBS4CB03FtdiwdOX9puG7eolOYNA","view","true","","false"
"https://drive.google.com/file/d/1XHlyKiFb71X4myH9kU3JoXjZZAaCzdLQ/view?usp=sharing","1XHlyKiFb71X4myH9kU3JoXjZZAaCzdLQ","https://drive.google.com/uc?id=1XHlyKiFb71X4myH9kU3JoXjZZAaCzdLQ","view","true","","false"
"https://drive.google.com/file/d/1YKIp8RSGEJ-j2EcLuzW30k5wureH7BBw/view?usp=sharing","1YKIp8RSGEJ-j2EcLuzW30k5wureH7BBw","https://drive.google.com/uc?id=1YKIp8RSGEJ-j2EcLuzW30k5wureH7BBw","view","true","","false"
"https://drive.google.com/file/d/1Yd0R6d4yfBQQj7naOiiDhhJZTv-bRr5X/view?usp=sharing","1Yd0R6d4yfBQQj7naOiiDhhJZTv-bRr5X","https://drive.google.com/uc?id=1Yd0R6d4yfBQQj7naOiiDhhJZTv-bRr5X","view","true","","false"
"https://drive.google.com/file/d/1YhE8eWf3NJ484XY1MuFM4pPoXg-JvSmo/view?usp=sharing","1YhE8eWf3NJ484XY1MuFM4pPoXg-JvSmo","https://drive.google.com/uc?id=1YhE8eWf3NJ484XY1MuFM4pPoXg-JvSmo","view","true","","false"
"https://drive.google.com/file/d/1YmkRygGFTnZ9N1pYgFsPAp4GRxZpybff/view?usp=sharing","1YmkRygGFTnZ9N1pYgFsPAp4GRxZpybff","https://drive.google.com/uc?id=1YmkRygGFTnZ9N1pYgFsPAp4GRxZpybff","view","true","","false"
"https://drive.google.com/file/d/1YnYmTfnzbqdEy80ZM6vyR4s6oXJyXZU-/view?usp=sharing","1YnYmTfnzbqdEy80ZM6vyR4s6oXJyXZU-","https://drive.google.com/uc?id=1YnYmTfnzbqdEy80ZM6vyR4s6oXJyXZU-","view","true","","false"
"https://drive.google.com/file/d/1Z32V0qq6o2pYrI2JfOq8FwmxGqf9LBFe/view?usp=sharing","1Z32V0qq6o2pYrI2JfOq8FwmxGqf9LBFe","https://drive.google.com/uc?id=1Z32V0qq6o2pYrI2JfOq8FwmxGqf9LBFe","view","true","","false"
"https://drive.google.com/file/d/1ZXQgCAfIjDfH7hpP38tVEI6sZOberxVs/view?usp=sharing","1ZXQgCAfIjDfH7hpP38tVEI6sZOberxVs","https://drive.google.com/uc?id=1ZXQgCAfIjDfH7hpP38tVEI6sZOberxVs","view","true","","false"
"https://drive.google.com/file/d/1_3HVOC0XQ9SdbN5KzEciMtX6crK0RmK_/view?usp=sharing","1_3HVOC0XQ9SdbN5KzEciMtX6crK0RmK_","https://drive.google.com/uc?id=1_3HVOC0XQ9SdbN5KzEciMtX6crK0RmK_","view","true","","false"
"https://drive.google.com/file/d/1_7tIjdV2pN02ESTc9riG1Qc8dk6gyJQi/view?usp=sharing","1_7tIjdV2pN02ESTc9riG1Qc8dk6gyJQi","https://drive.google.com/uc?id=1_7tIjdV2pN02ESTc9riG1Qc8dk6gyJQi","view","true","","false"
"https://drive.google.com/file/d/1_EEDtdTRptJZJ7kR1YYVvVkqrpKRFPmk/view?usp=sharing","1_EEDtdTRptJZJ7kR1YYVvVkqrpKRFPmk","https://drive.google.com/uc?id=1_EEDtdTRptJZJ7kR1YYVvVkqrpKRFPmk","view","true","","false"
"https://drive.google.com/file/d/1_fqc_39E5enBxFTY02jMpKtEcmfYXrHc/view?usp=sharing","1_fqc_39E5enBxFTY02jMpKtEcmfYXrHc","https://drive.google.com/uc?id=1_fqc_39E5enBxFTY02jMpKtEcmfYXrHc","view","true","","false"
"https://drive.google.com/file/d/1aK-JPpmJOSj5TUcDjHLiSsnVuruB8cNZ/view?usp=sharing","1aK-JPpmJOSj5TUcDjHLiSsnVuruB8cNZ","https://drive.google.com/uc?id=1aK-JPpmJOSj5TUcDjHLiSsnVuruB8cNZ","view","true","","false"
"https://drive.google.com/file/d/1b7YzFDizEUVDGjMscuDN4jmozPaMOdjS/view?usp=sharing","1b7YzFDizEUVDGjMscuDN4jmozPaMOdjS","https://drive.google.com/uc?id=1b7YzFDizEUVDGjMscuDN4jmozPaMOdjS","view","true","","false"
"https://drive.google.com/file/d/1c4vGysSpBwZ3gqOht4qv6uASqHnw8ijc/view?usp=sharing","1c4vGysSpBwZ3gqOht4qv6uASqHnw8ijc","https://drive.google.com/uc?id=1c4vGysSpBwZ3gqOht4qv6uASqHnw8ijc","view","true","","false"
"https://drive.google.com/file/d/1cJDhq8M4CZXmOBQQAHFk9ZkZI5X60zcb/view?usp=sharing","1cJDhq8M4CZXmOBQQAHFk9ZkZI5X60zcb","https://drive.google.com/uc?id=1cJDhq8M4CZXmOBQQAHFk9ZkZI5X60zcb","view","true","","false"
"https://drive.google.com/file/d/1d632pqUDZRtPWiPry7o4z1teZv6WQzl4/view?usp=sharing","1d632pqUDZRtPWiPry7o4z1teZv6WQzl4","https://drive.google.com/uc?id=1d632pqUDZRtPWiPry7o4z1teZv6WQzl4","view","true","","false"
"https://drive.google.com/file/d/1dpWXLx6RdRxD8ZDfEbGHHPq1ILkuCyq3/view?usp=sharing","1dpWXLx6RdRxD8ZDfEbGHHPq1ILkuCyq3","https://drive.google.com/uc?id=1dpWXLx6RdRxD8ZDfEbGHHPq1ILkuCyq3","view","true","","false"
"https://drive.google.com/file/d/1dwFEw0pP8O-uESR1v5UpG5apro6OtOFF/view?usp=sharing","1dwFEw0pP8O-uESR1v5UpG5apro6OtOFF","https://drive.google.com/uc?id=1dwFEw0pP8O-uESR1v5UpG5apro6OtOFF","view","true","","false"
"https://drive.google.com/file/d/1e_R4y191yqkRI8UtEd5ZTaA9f5MzSPpC/view?usp=sharing","1e_R4y191yqkRI8UtEd5ZTaA9f5MzSPpC","https://drive.google.com/uc?id=1e_R4y191yqkRI8UtEd5ZTaA9f5MzSPpC","view","true","","false"
"https://drive.google.com/file/d/1fGpzZ0dcq4Dwtya8p7IX3nagvovp1qiU/view?usp=sharing","1fGpzZ0dcq4Dwtya8p7IX3nagvovp1qiU","https://drive.google.com/uc?id=1fGpzZ0dcq4Dwtya8p7IX3nagvovp1qiU","view","true","","false"
"https://drive.google.com/file/d/1fdwLwhmvlXg0k57oD29SSCamZ9HI6VnG/view?usp=sharing","1fdwLwhmvlXg0k57oD29SSCamZ9HI6VnG","https://drive.google.com/uc?id=1fdwLwhmvlXg0k57oD29SSCamZ9HI6VnG","view","true","","false"
"https://drive.google.com/file/d/1ffV1tkoSxcUBrwWkOXcwlWxaoqyTo9k2/view?usp=sharing","1ffV1tkoSxcUBrwWkOXcwlWxaoqyTo9k2","https://drive.google.com/uc?id=1ffV1tkoSxcUBrwWkOXcwlWxaoqyTo9k2","view","true","","false"
"https://drive.google.com/file/d/1g0ky_ts7zGVhVZDU-s7cnSvjTUqWWVok/view?usp=sharing","1g0ky_ts7zGVhVZDU-s7cnSvjTUqWWVok","https://drive.google.com/uc?id=1g0ky_ts7zGVhVZDU-s7cnSvjTUqWWVok","view","true","","false"
"https://drive.google.com/file/d/1g7q9zjWC0f5vsxwig_nnhOGVBGPQqz6L/view?usp=sharing","1g7q9zjWC0f5vsxwig_nnhOGVBGPQqz6L","https://drive.google.com/uc?id=1g7q9zjWC0f5vsxwig_nnhOGVBGPQqz6L","view","true","","false"
"https://drive.google.com/file/d/1gNG07dvPmEE2vFGQwoQ5nFIY5tiKRPDy/view?usp=sharing","1gNG07dvPmEE2vFGQwoQ5nFIY5tiKRPDy","https://drive.google.com/uc?id=1gNG07dvPmEE2vFGQwoQ5nFIY5tiKRPDy","view","true","","false"
"https://drive.google.com/file/d/1h0aQQ-UUYRrQmXmOKLV8o158LqAZE2_D/view?usp=sharing","1h0aQQ-UUYRrQmXmOKLV8o158LqAZE2_D","https://drive.google.com/uc?id=1h0aQQ-UUYRrQmXmOKLV8o158LqAZE2_D","view","true","","false"
"https://drive.google.com/file/d/1iCWM6EqwjDCef5OHmdcSQ7YTDbtZ2GIs/view?usp=sharing","1iCWM6EqwjDCef5OHmdcSQ7YTDbtZ2GIs","https://drive.google.com/uc?id=1iCWM6EqwjDCef5OHmdcSQ7YTDbtZ2GIs","view","true","","false"
"https://drive.google.com/file/d/1iRyUx0AD2SdzL2tV-hQaD9YzRhp5zitw/view?usp=sharing","1iRyUx0AD2SdzL2tV-hQaD9YzRhp5zitw","https://drive.google.com/uc?id=1iRyUx0AD2SdzL2tV-hQaD9YzRhp5zitw","view","true","","false"
"https://drive.google.com/file/d/1iSOKIAWtp9Lw33C0B9V0IgcmqRnbLthi/view?usp=sharing","1iSOKIAWtp9Lw33C0B9V0IgcmqRnbLthi","https://drive.google.com/uc?id=1iSOKIAWtp9Lw33C0B9V0IgcmqRnbLthi","view","true","","false"
"https://drive.google.com/file/d/1j0zqAdZAqUM_USKbZrTnECe5JBjtEKU1/view?usp=sharing","1j0zqAdZAqUM_USKbZrTnECe5JBjtEKU1","https://drive.google.com/uc?id=1j0zqAdZAqUM_USKbZrTnECe5JBjtEKU1","view","true","","false"
"https://drive.google.com/file/d/1k-FYzO1KEooneF1wpxp-x48pxofSkEL-/view?usp=sharing","1k-FYzO1KEooneF1wpxp-x48pxofSkEL-","https://drive.google.com/uc?id=1k-FYzO1KEooneF1wpxp-x48pxofSkEL-","view","true","","false"
"https://drive.google.com/file/d/1lFK0BpD9964YDf4Ie3_OL2wyg46EV3mQ/view?usp=sharing","1lFK0BpD9964YDf4Ie3_OL2wyg46EV3mQ","https://drive.google.com/uc?id=1lFK0BpD9964YDf4Ie3_OL2wyg46EV3mQ","view","true","","false"
"https://drive.google.com/file/d/1lRbS_wPJsExd8G4IDdNVPVVCcJPNwpoP/view?usp=sharing","1lRbS_wPJsExd8G4IDdNVPVVCcJPNwpoP","https://drive.google.com/uc?id=1lRbS_wPJsExd8G4IDdNVPVVCcJPNwpoP","view","true","","false"
"https://drive.google.com/file/d/1lkaJJ1dg2jEbenP9QI7dvQD2I4cHlx4t/view?usp=sharing","1lkaJJ1dg2jEbenP9QI7dvQD2I4cHlx4t","https://drive.google.com/uc?id=1lkaJJ1dg2jEbenP9QI7dvQD2I4cHlx4t","view","true","","false"
"https://drive.google.com/file/d/1n2iWAKqKl2s3zfUFUYXMBdghk-pkuigV/view?usp=sharing","1n2iWAKqKl2s3zfUFUYXMBdghk-pkuigV","https://drive.google.com/uc?id=1n2iWAKqKl2s3zfUFUYXMBdghk-pkuigV","view","true","","false"
"https://drive.google.com/file/d/1nP_m__zX0dEc4fuC9kOZmfs6_uugEnWH/view?usp=sharing","1nP_m__zX0dEc4fuC9kOZmfs6_uugEnWH","https://drive.google.com/uc?id=1nP_m__zX0dEc4fuC9kOZmfs6_uugEnWH","view","true","","false"
"https://drive.google.com/file/d/1nzWANd3O2wMt70zvZO_YZDeI17si1xw6/view?usp=sharing","1nzWANd3O2wMt70zvZO_YZDeI17si1xw6","https://drive.google.com/uc?id=1nzWANd3O2wMt70zvZO_YZDeI17si1xw6","view","true","","false"
"https://drive.google.com/file/d/1oCA43QkqBQXNS5fzJ9tA3To5INTNBtnE/view?usp=sharing","1oCA43QkqBQXNS5fzJ9tA3To5INTNBtnE","https://drive.google.com/uc?id=1oCA43QkqBQXNS5fzJ9tA3To5INTNBtnE","view","true","","false"
"https://drive.google.com/file/d/1oSBjTxL7lfvGBssTYqHAjGttSIzdbrPY/view?usp=sharing","1oSBjTxL7lfvGBssTYqHAjGttSIzdbrPY","https://drive.google.com/uc?id=1oSBjTxL7lfvGBssTYqHAjGttSIzdbrPY","view","true","","false"
"https://drive.google.com/file/d/1oYOzW2XKhNPVVtrJ__akI3nK8EOTZmxw/view?usp=sharing","1oYOzW2XKhNPVVtrJ__akI3nK8EOTZmxw","https://drive.google.com/uc?id=1oYOzW2XKhNPVVtrJ__akI3nK8EOTZmxw","view","true","","false"
"https://drive.google.com/file/d/1pJB-eQ7Didj0efTiEkr8A7-soZDO1eNj/view?usp=sharing","1pJB-eQ7Didj0efTiEkr8A7-soZDO1eNj","https://drive.google.com/uc?id=1pJB-eQ7Didj0efTiEkr8A7-soZDO1eNj","view","true","","false"
"https://drive.google.com/file/d/1pWMzEbgG2Y9nsoywpjIdupMROjDvd9yx/view?usp=sharing","1pWMzEbgG2Y9nsoywpjIdupMROjDvd9yx","https://drive.google.com/uc?id=1pWMzEbgG2Y9nsoywpjIdupMROjDvd9yx","view","true","","false"
"https://drive.google.com/file/d/1q8an8-ZyWTNhWGPirhCYRc3H-X0bPL4y/view?usp=sharing","1q8an8-ZyWTNhWGPirhCYRc3H-X0bPL4y","https://drive.google.com/uc?id=1q8an8-ZyWTNhWGPirhCYRc3H-X0bPL4y","view","true","","false"
"https://drive.google.com/file/d/1qrNadn-Ue5pAhoSDr6LT6Ms1gEu2HoFt/view?usp=sharing","1qrNadn-Ue5pAhoSDr6LT6Ms1gEu2HoFt","https://drive.google.com/uc?id=1qrNadn-Ue5pAhoSDr6LT6Ms1gEu2HoFt","view","true","","false"
"https://drive.google.com/file/d/1rIbN-jKh05vmyXBEu8XHlljULSSy44GU/view?usp=sharing","1rIbN-jKh05vmyXBEu8XHlljULSSy44GU","https://drive.google.com/uc?id=1rIbN-jKh05vmyXBEu8XHlljULSSy44GU","view","true","","false"
"https://drive.google.com/file/d/1rM6GsovSX8Wuh_2Pu5y0GK4_1Bw3Hkgd/view?usp=sharing","1rM6GsovSX8Wuh_2Pu5y0GK4_1Bw3Hkgd","https://drive.google.com/uc?id=1rM6GsovSX8Wuh_2Pu5y0GK4_1Bw3Hkgd","view","true","","false"
"https://drive.google.com/file/d/1rd2JWmCT36yDBw9xcX42subWcVwSIr1X/view?usp=sharing","1rd2JWmCT36yDBw9xcX42subWcVwSIr1X","https://drive.google.com/uc?id=1rd2JWmCT36yDBw9xcX42subWcVwSIr1X","view","true","","false"
"https://drive.google.com/file/d/1rwptdK0aNRIAGVvNPz-nFRnc7NDGjajn/view?usp=sharing","1rwptdK0aNRIAGVvNPz-nFRnc7NDGjajn","https://drive.google.com/uc?id=1rwptdK0aNRIAGVvNPz-nFRnc7NDGjajn","view","true","","false"
"https://drive.google.com/file/d/1sA4CSGwDULooHl-N5zCzWx1TG_Z8KnWG/view?usp=sharing","1sA4CSGwDULooHl-N5zCzWx1TG_Z8KnWG","https://drive.google.com/uc?id=1sA4CSGwDULooHl-N5zCzWx1TG_Z8KnWG","view","true","","false"
"https://drive.google.com/file/d/1sWKga_rtOddBKIaZOyAMPsV96UQt37ZO/view?usp=sharing","1sWKga_rtOddBKIaZOyAMPsV96UQt37ZO","https://drive.google.com/uc?id=1sWKga_rtOddBKIaZOyAMPsV96UQt37ZO","view","true","","false"
"https://drive.google.com/file/d/1uaOv1Hxu-jEgvFeqU7JsYQW6ZPywuscI/view?usp=sharing","1uaOv1Hxu-jEgvFeqU7JsYQW6ZPywuscI","https://drive.google.com/uc?id=1uaOv1Hxu-jEgvFeqU7JsYQW6ZPywuscI","view","true","","false"
"https://drive.google.com/file/d/1uw1JMmWdVisbqhz3v7bMuYmfGmr4EYRP/view?usp=sharing","1uw1JMmWdVisbqhz3v7bMuYmfGmr4EYRP","https://drive.google.com/uc?id=1uw1JMmWdVisbqhz3v7bMuYmfGmr4EYRP","view","true","","false"
"https://drive.google.com/file/d/1vYPCFvrhxVvrCiUKOEgwH1YkuLeaxRtU/view?usp=sharing","1vYPCFvrhxVvrCiUKOEgwH1YkuLeaxRtU","https://drive.google.com/uc?id=1vYPCFvrhxVvrCiUKOEgwH1YkuLeaxRtU","view","true","","false"
"https://drive.google.com/file/d/1wWaCaruoMR-4Svm-D3xIyGrYOZFuVLfD/view?usp=sharing","1wWaCaruoMR-4Svm-D3xIyGrYOZFuVLfD","https://drive.google.com/uc?id=1wWaCaruoMR-4Svm-D3xIyGrYOZFuVLfD","view","true","","false"
"https://drive.google.com/file/d/1xWOuvuxvSIqLJqj_CsOss80Jjg3OTLsF/view?usp=sharing","1xWOuvuxvSIqLJqj_CsOss80Jjg3OTLsF","https://drive.google.com/uc?id=1xWOuvuxvSIqLJqj_CsOss80Jjg3OTLsF","view","true","","false"
"https://drive.google.com/file/d/1xdxRO7MUKPMo9RzOMolQWDNsdaql6Ms0/view?usp=sharing","1xdxRO7MUKPMo9RzOMolQWDNsdaql6Ms0","https://drive.google.com/uc?id=1xdxRO7MUKPMo9RzOMolQWDNsdaql6Ms0","view","true","","false"
"https://drive.google.com/file/d/1xu7Z7Bda3UiJv1p55Hx61tt1-Q8tm9BU/view?usp=sharing","1xu7Z7Bda3UiJv1p55Hx61tt1-Q8tm9BU","https://drive.google.com/uc?id=1xu7Z7Bda3UiJv1p55Hx61tt1-Q8tm9BU","view","true","","false"
"https://drive.google.com/file/d/1ytUrJbIttYBq9T2z1wKDQcHyavq9Alyx/view?usp=sharing","1ytUrJbIttYBq9T2z1wKDQcHyavq9Alyx","https://drive.google.com/uc?id=1ytUrJbIttYBq9T2z1wKDQcHyavq9Alyx","view","true","","false"
"https://drive.google.com/file/d/1ywda4Gt8nkZ5G1sXZij515NKJqdQ32em/view?usp=sharing","1ywda4Gt8nkZ5G1sXZij515NKJqdQ32em","https://drive.google.com/uc?id=1ywda4Gt8nkZ5G1sXZij515NKJqdQ32em","view","true","","false"
"https://drive.google.com/file/d/1-8vowAYefIp4OFijb2WlfhhzOX9pIIO9/view?usp=sharing","1-8vowAYefIp4OFijb2WlfhhzOX9pIIO9","https://drive.google.com/uc?id=1-8vowAYefIp4OFijb2WlfhhzOX9pIIO9","view","true","","false"
"https://drive.google.com/file/d/1-I3OgcBq4j_iZuYUQ2mDFNeZSvdyTHGY/view?usp=sharing","1-I3OgcBq4j_iZuYUQ2mDFNeZSvdyTHGY","https://drive.google.com/uc?id=1-I3OgcBq4j_iZuYUQ2mDFNeZSvdyTHGY","view","true","","false"
"https://drive.google.com/file/d/1-aLAXp6_UirVw3x_C0ns9b1FH67TXRFp/view?usp=sharing","1-aLAXp6_UirVw3x_C0ns9b1FH67TXRFp","https://drive.google.com/uc?id=1-aLAXp6_UirVw3x_C0ns9b1FH67TXRFp","view","true","","false"
"https://drive.google.com/file/d/1-x12568x9lD7_bMoDOD1l6U3dLAQiJLo/view?usp=sharing","1-x12568x9lD7_bMoDOD1l6U3dLAQiJLo","https://drive.google.com/uc?id=1-x12568x9lD7_bMoDOD1l6U3dLAQiJLo","view","true","","false"
"https://drive.google.com/file/d/106LQHFP9FCjdYy-fZmPVmsGDCthFtg0k/view?usp=sharing","106LQHFP9FCjdYy-fZmPVmsGDCthFtg0k","https://drive.google.com/uc?id=106LQHFP9FCjdYy-fZmPVmsGDCthFtg0k","view","true","","false"
"https://drive.google.com/file/d/10UyefaHJr917alYRT1CcGGxbBwfu8V59/view?usp=sharing","10UyefaHJr917alYRT1CcGGxbBwfu8V59","https://drive.google.com/uc?id=10UyefaHJr917alYRT1CcGGxbBwfu8V59","view","true","","false"
"https://drive.google.com/file/d/10enVWkbiLc7oHus35Hhbu0o4nvBIzgNE/view?usp=sharing","10enVWkbiLc7oHus35Hhbu0o4nvBIzgNE","https://drive.google.com/uc?id=10enVWkbiLc7oHus35Hhbu0o4nvBIzgNE","view","true","","false"
"https://drive.google.com/file/d/12cWdjjIg7D55HdXdIHejvxW1U5g_FAu6/view?usp=sharing","12cWdjjIg7D55HdXdIHejvxW1U5g_FAu6","https://drive.google.com/uc?id=12cWdjjIg7D55HdXdIHejvxW1U5g_FAu6","view","true","","false"
"https://drive.google.com/file/d/12tQ0ZRTIHGVc5nJdZTMSvEjYZrmeLcfk/view?usp=sharing","12tQ0ZRTIHGVc5nJdZTMSvEjYZrmeLcfk","https://drive.google.com/uc?id=12tQ0ZRTIHGVc5nJdZTMSvEjYZrmeLcfk","view","true","","false"
"https://drive.google.com/file/d/14ICtxI5WWoi0Hcg5oS_XBxO2npP7Pi5s/view?usp=sharing","14ICtxI5WWoi0Hcg5oS_XBxO2npP7Pi5s","https://drive.google.com/uc?id=14ICtxI5WWoi0Hcg5oS_XBxO2npP7Pi5s","view","true","","false"
"https://drive.google.com/file/d/14YTn5LEtyoFaJxVHmYcED3nFbSztwomJ/view?usp=sharing","14YTn5LEtyoFaJxVHmYcED3nFbSztwomJ","https://drive.google.com/uc?id=14YTn5LEtyoFaJxVHmYcED3nFbSztwomJ","view","true","","false"
"https://drive.google.com/file/d/156GW9H5wmIJOH9fMlKoLJjBx-zfsF6S1/view?usp=sharing","156GW9H5wmIJOH9fMlKoLJjBx-zfsF6S1","https://drive.google.com/uc?id=156GW9H5wmIJOH9fMlKoLJjBx-zfsF6S1","view","true","","false"
"https://drive.google.com/file/d/15Ocpthmd1D_NTtIflJ3AgDULXMqGrxCA/view?usp=sharing","15Ocpthmd1D_NTtIflJ3AgDULXMqGrxCA","https://drive.google.com/uc?id=15Ocpthmd1D_NTtIflJ3AgDULXMqGrxCA","view","true","","false"
"https://drive.google.com/file/d/16Fa3jrPJ5tn0mIXWoOJEImrtXJdtIKU7/view?usp=sharing","16Fa3jrPJ5tn0mIXWoOJEImrtXJdtIKU7","https://drive.google.com/uc?id=16Fa3jrPJ5tn0mIXWoOJEImrtXJdtIKU7","view","true","","false"
"https://drive.google.com/file/d/16Gd5vsc_irSrLjMQetRLeZqPzAvl1HIr/view?usp=sharing","16Gd5vsc_irSrLjMQetRLeZqPzAvl1HIr","https://drive.google.com/uc?id=16Gd5vsc_irSrLjMQetRLeZqPzAvl1HIr","view","true","","false"
"https://drive.google.com/file/d/16Jt_ATbQLe9qRtf5GGLMe9NAPUZlv-jn/view?usp=sharing","16Jt_ATbQLe9qRtf5GGLMe9NAPUZlv-jn","https://drive.google.com/uc?id=16Jt_ATbQLe9qRtf5GGLMe9NAPUZlv-jn","view","true","","false"
"https://drive.google.com/file/d/16SX3T4SHO1_PqxiKFMyuwV84krfiysQF/view?usp=sharing","16SX3T4SHO1_PqxiKFMyuwV84krfiysQF","https://drive.google.com/uc?id=16SX3T4SHO1_PqxiKFMyuwV84krfiysQF","view","true","","false"
"https://drive.google.com/file/d/18EsrmTzGbxIK1-IPY5EchaYX8dnEA76f/view?usp=sharing","18EsrmTzGbxIK1-IPY5EchaYX8dnEA76f","https://drive.google.com/uc?id=18EsrmTzGbxIK1-IPY5EchaYX8dnEA76f","view","true","","false"
"https://drive.google.com/file/d/194x1SVisylg_0iI9DvPDsJr9eQypTJsK/view?usp=sharing","194x1SVisylg_0iI9DvPDsJr9eQypTJsK","https://drive.google.com/uc?id=194x1SVisylg_0iI9DvPDsJr9eQypTJsK","view","true","","false"
"https://drive.google.com/file/d/19CEp4pqYDWCem1E5w7IMM5kitGnGVngF/view?usp=sharing","19CEp4pqYDWCem1E5w7IMM5kitGnGVngF","https://drive.google.com/uc?id=19CEp4pqYDWCem1E5w7IMM5kitGnGVngF","view","true","","false"
"https://drive.google.com/file/d/19ULR6tuXLr5tEyd3O7g3xT5MgR0gIzb5/view?usp=sharing","19ULR6tuXLr5tEyd3O7g3xT5MgR0gIzb5","https://drive.google.com/uc?id=19ULR6tuXLr5tEyd3O7g3xT5MgR0gIzb5","view","true","","false"
"https://drive.google.com/file/d/1D0qiQ9B25CGpHt-1DVoOZREd5nM_JvC2/view?usp=sharing","1D0qiQ9B25CGpHt-1DVoOZREd5nM_JvC2","https://drive.google.com/uc?id=1D0qiQ9B25CGpHt-1DVoOZREd5nM_JvC2","view","true","","false"
"https://drive.google.com/file/d/1DBZkKRWJHamKpIyiDNFNw8V6HvsG6w-y/view?usp=sharing","1DBZkKRWJHamKpIyiDNFNw8V6HvsG6w-y","https://drive.google.com/uc?id=1DBZkKRWJHamKpIyiDNFNw8V6HvsG6w-y","view","true","","false"
"https://drive.google.com/file/d/1D_6Pg9AqCSZ-p_JN7tul4xJRniaZ34Mf/view?usp=sharing","1D_6Pg9AqCSZ-p_JN7tul4xJRniaZ34Mf","https://drive.google.com/uc?id=1D_6Pg9AqCSZ-p_JN7tul4xJRniaZ34Mf","view","true","","false"
"https://drive.google.com/file/d/1EGxzhguxcAJpQ2fVImDcvrKtIVOrtv8N/view?usp=sharing","1EGxzhguxcAJpQ2fVImDcvrKtIVOrtv8N","https://drive.google.com/uc?id=1EGxzhguxcAJpQ2fVImDcvrKtIVOrtv8N","view","true","","false"
"https://drive.google.com/file/d/1EPnvo0b9DDCuPDkLYRquqkgR0bEG4OjL/view?usp=sharing","1EPnvo0b9DDCuPDkLYRquqkgR0bEG4OjL","https://drive.google.com/uc?id=1EPnvo0b9DDCuPDkLYRquqkgR0bEG4OjL","view","true","","false"
"https://drive.google.com/file/d/1EqyyorME8pdY-TnLfdc7XyJ6m9fPJ4mw/view?usp=sharing","1EqyyorME8pdY-TnLfdc7XyJ6m9fPJ4mw","https://drive.google.com/uc?id=1EqyyorME8pdY-TnLfdc7XyJ6m9fPJ4mw","view","true","","false"
"https://drive.google.com/file/d/1EvhubQl7e4jUY4Detb2tx6g7Zu17Dz-5/view?usp=sharing","1EvhubQl7e4jUY4Detb2tx6g7Zu17Dz-5","https://drive.google.com/uc?id=1EvhubQl7e4jUY4Detb2tx6g7Zu17Dz-5","view","true","","false"
"https://drive.google.com/file/d/1FQKmlxD-4_rIgGMw9jU6ktccy0q1Ebke/view?usp=sharing","1FQKmlxD-4_rIgGMw9jU6ktccy0q1Ebke","https://drive.google.com/uc?id=1FQKmlxD-4_rIgGMw9jU6ktccy0q1Ebke","view","true","","false"
"https://drive.google.com/file/d/1H72NOLXgbt2mo7VP1YyU9750WZDcrlCc/view?usp=sharing","1H72NOLXgbt2mo7VP1YyU9750WZDcrlCc","https://drive.google.com/uc?id=1H72NOLXgbt2mo7VP1YyU9750WZDcrlCc","view","true","","false"
"https://drive.google.com/file/d/1HCe1iHAnjyCgrOYrauiKMsKhkcgoyMK4/view?usp=sharing","1HCe1iHAnjyCgrOYrauiKMsKhkcgoyMK4","https://drive.google.com/uc?id=1HCe1iHAnjyCgrOYrauiKMsKhkcgoyMK4","view","true","","false"
"https://drive.google.com/file/d/1HMpJVN7MbA8LFIjSaO0kpl3ZV0pwgk48/view?usp=sharing","1HMpJVN7MbA8LFIjSaO0kpl3ZV0pwgk48","https://drive.google.com/uc?id=1HMpJVN7MbA8LFIjSaO0kpl3ZV0pwgk48","view","true","","false"
"https://drive.google.com/file/d/1IIh5-6pjCBa9pPt1gxFq1soLhRuuaDKQ/view?usp=sharing","1IIh5-6pjCBa9pPt1gxFq1soLhRuuaDKQ","https://drive.google.com/uc?id=1IIh5-6pjCBa9pPt1gxFq1soLhRuuaDKQ","view","true","","false"
"https://drive.google.com/file/d/1ILSRJCjgIs85Sj7ZJbEpfYXM37LFkyiG/view?usp=sharing","1ILSRJCjgIs85Sj7ZJbEpfYXM37LFkyiG","https://drive.google.com/uc?id=1ILSRJCjgIs85Sj7ZJbEpfYXM37LFkyiG","view","true","","false"
"https://drive.google.com/file/d/1ITuyXgusgwXGkY-paP4qLXhk27L52_n6/view?usp=sharing","1ITuyXgusgwXGkY-paP4qLXhk27L52_n6","https://drive.google.com/uc?id=1ITuyXgusgwXGkY-paP4qLXhk27L52_n6","view","true","","false"
"https://drive.google.com/file/d/1IaCtIB_U2NA_M2SGWaLjTWKL84l07Cyb/view?usp=sharing","1IaCtIB_U2NA_M2SGWaLjTWKL84l07Cyb","https://drive.google.com/uc?id=1IaCtIB_U2NA_M2SGWaLjTWKL84l07Cyb","view","true","","false"
"https://drive.google.com/file/d/1Id1_3PDo2rVaFItBV6p4iHn-cQJd52fW/view?usp=sharing","1Id1_3PDo2rVaFItBV6p4iHn-cQJd52fW","https://drive.google.com/uc?id=1Id1_3PDo2rVaFItBV6p4iHn-cQJd52fW","view","true","","false"
"https://drive.google.com/file/d/1J4uZ1QNx7n_DEFFT05Nzr0fHOZsP3LKH/view?usp=sharing","1J4uZ1QNx7n_DEFFT05Nzr0fHOZsP3LKH","https://drive.google.com/uc?id=1J4uZ1QNx7n_DEFFT05Nzr0fHOZsP3LKH","view","true","","false"
"https://drive.google.com/file/d/1JWAHla4x71q0EJzoBZfav0HsLpOS5KhB/view?usp=sharing","1JWAHla4x71q0EJzoBZfav0HsLpOS5KhB","https://drive.google.com/uc?id=1JWAHla4x71q0EJzoBZfav0HsLpOS5KhB","view","true","","false"
"https://drive.google.com/file/d/1JvKXhPqwow6QAEaCP6HjcKxMUeMul29n/view?usp=sharing","1JvKXhPqwow6QAEaCP6HjcKxMUeMul29n","https://drive.google.com/uc?id=1JvKXhPqwow6QAEaCP6HjcKxMUeMul29n","view","true","","false"
"https://drive.google.com/file/d/1KAnAqZjTYBrfEeKeY8nkQk0OkB0ZJaCx/view?usp=sharing","1KAnAqZjTYBrfEeKeY8nkQk0OkB0ZJaCx","https://drive.google.com/uc?id=1KAnAqZjTYBrfEeKeY8nkQk0OkB0ZJaCx","view","true","","false"
"https://drive.google.com/file/d/1KeRRj520c01b6zyJg-9hwj471s6gBkqq/view?usp=sharing","1KeRRj520c01b6zyJg-9hwj471s6gBkqq","https://drive.google.com/uc?id=1KeRRj520c01b6zyJg-9hwj471s6gBkqq","view","true","","false"
"https://drive.google.com/file/d/1KtLbjZ5lSq3XY4vRuTLEb7rml-AUWtY5/view?usp=sharing","1KtLbjZ5lSq3XY4vRuTLEb7rml-AUWtY5","https://drive.google.com/uc?id=1KtLbjZ5lSq3XY4vRuTLEb7rml-AUWtY5","view","true","","false"
"https://drive.google.com/file/d/1LEpS2L7pps0wawckXk91iII3-99BCKyR/view?usp=sharing","1LEpS2L7pps0wawckXk91iII3-99BCKyR","https://drive.google.com/uc?id=1LEpS2L7pps0wawckXk91iII3-99BCKyR","view","true","","false"
"https://drive.google.com/file/d/1LXJdT_nA7H7N1aJerltg25HrbdSkB2bk/view?usp=sharing","1LXJdT_nA7H7N1aJerltg25HrbdSkB2bk","https://drive.google.com/uc?id=1LXJdT_nA7H7N1aJerltg25HrbdSkB2bk","view","true","","false"
"https://drive.google.com/file/d/1Mqztv2CZFNfvYKZK-Pso9vvn2b4j6Oeh/view?usp=sharing","1Mqztv2CZFNfvYKZK-Pso9vvn2b4j6Oeh","https://drive.google.com/uc?id=1Mqztv2CZFNfvYKZK-Pso9vvn2b4j6Oeh","view","true","","false"
"https://drive.google.com/file/d/1MySidsIy80rLfVHVLhC08PlW2Y9anL6n/view?usp=sharing","1MySidsIy80rLfVHVLhC08PlW2Y9anL6n","https://drive.google.com/uc?id=1MySidsIy80rLfVHVLhC08PlW2Y9anL6n","view","true","","false"
"https://drive.google.com/file/d/1N2RMOGNJfqgPZo2Jrr-J_s8eufxZDGqA/view?usp=sharing","1N2RMOGNJfqgPZo2Jrr-J_s8eufxZDGqA","https://drive.google.com/uc?id=1N2RMOGNJfqgPZo2Jrr-J_s8eufxZDGqA","view","true","","false"
"https://drive.google.com/file/d/1NK5J7-Zc-TpOGoGJQyV8UoVb-1lkG4Kr/view?usp=sharing","1NK5J7-Zc-TpOGoGJQyV8UoVb-1lkG4Kr","https://drive.google.com/uc?id=1NK5J7-Zc-TpOGoGJQyV8UoVb-1lkG4Kr","view","true","","false"
"https://drive.google.com/file/d/1O2B1ETGYWUQ7L2VJ3WpBdK7BmY-VGpQ5/view?usp=sharing","1O2B1ETGYWUQ7L2VJ3WpBdK7BmY-VGpQ5","https://drive.google.com/uc?id=1O2B1ETGYWUQ7L2VJ3WpBdK7BmY-VGpQ5","view","true","","false"
"https://drive.google.com/file/d/1Ou_iH_25Uqbe4qqzEBhIDynCGzisBQVo/view?usp=sharing","1Ou_iH_25Uqbe4qqzEBhIDynCGzisBQVo","https://drive.google.com/uc?id=1Ou_iH_25Uqbe4qqzEBhIDynCGzisBQVo","view","true","","false"
"https://drive.google.com/file/d/1Q36-wOkJAnIRyynoRuZ1XpJ8bhYO5YaM/view?usp=sharing","1Q36-wOkJAnIRyynoRuZ1XpJ8bhYO5YaM","https://drive.google.com/uc?id=1Q36-wOkJAnIRyynoRuZ1XpJ8bhYO5YaM","view","true","","false"
"https://drive.google.com/file/d/1Qj4TKOocuuOE-Lftf9q94rLzcG9yyKxp/view?usp=sharing","1Qj4TKOocuuOE-Lftf9q94rLzcG9yyKxp","https://drive.google.com/uc?id=1Qj4TKOocuuOE-Lftf9q94rLzcG9yyKxp","view","true","","false"
"https://drive.google.com/file/d/1RVOmS6FLzNz0b_1ye2s0L_cOURvdATf6/view?usp=sharing","1RVOmS6FLzNz0b_1ye2s0L_cOURvdATf6","https://drive.google.com/uc?id=1RVOmS6FLzNz0b_1ye2s0L_cOURvdATf6","view","true","","false"
"https://drive.google.com/file/d/1SBZ3_evSJ_UMWQOWTwaAL7mcybJvxutJ/view?usp=sharing","1SBZ3_evSJ_UMWQOWTwaAL7mcybJvxutJ","https://drive.google.com/uc?id=1SBZ3_evSJ_UMWQOWTwaAL7mcybJvxutJ","view","true","","false"
"https://drive.google.com/file/d/1SXNc-DyjrOXlXzowjE1yVSL2ten8wBz3/view?usp=sharing","1SXNc-DyjrOXlXzowjE1yVSL2ten8wBz3","https://drive.google.com/uc?id=1SXNc-DyjrOXlXzowjE1yVSL2ten8wBz3","view","true","","false"
"https://drive.google.com/file/d/1Sjw2vgXMitwlITxQfzigLnXj0VxZMaeI/view?usp=sharing","1Sjw2vgXMitwlITxQfzigLnXj0VxZMaeI","https://drive.google.com/uc?id=1Sjw2vgXMitwlITxQfzigLnXj0VxZMaeI","view","true","","false"
"https://drive.google.com/file/d/1VjVtLmYRusND7Mzw2zOJRB8PLytL4XSZ/view?usp=sharing","1VjVtLmYRusND7Mzw2zOJRB8PLytL4XSZ","https://drive.google.com/uc?id=1VjVtLmYRusND7Mzw2zOJRB8PLytL4XSZ","view","true","","false"
"https://drive.google.com/file/d/1Wa0wLQD2x90DCC5TCI0jPtZZkx-8uOcZ/view?usp=sharing","1Wa0wLQD2x90DCC5TCI0jPtZZkx-8uOcZ","https://drive.google.com/uc?id=1Wa0wLQD2x90DCC5TCI0jPtZZkx-8uOcZ","view","true","","false"
"https://drive.google.com/file/d/1Wj0CJ_UAtfpXc_Wu226qkQi0zp9jdMy5/view?usp=sharing","1Wj0CJ_UAtfpXc_Wu226qkQi0zp9jdMy5","https://drive.google.com/uc?id=1Wj0CJ_UAtfpXc_Wu226qkQi0zp9jdMy5","view","true","","false"
"https://drive.google.com/file/d/1X8hD7b3UzLsUBhVxSQoiccjBXuPyChVa/view?usp=sharing","1X8hD7b3UzLsUBhVxSQoiccjBXuPyChVa","https://drive.google.com/uc?id=1X8hD7b3UzLsUBhVxSQoiccjBXuPyChVa","view","true","","false"
"https://drive.google.com/file/d/1XRZMgqM5RZP12qc84xFdVTzFwEc_Vbpy/view?usp=sharing","1XRZMgqM5RZP12qc84xFdVTzFwEc_Vbpy","https://drive.google.com/uc?id=1XRZMgqM5RZP12qc84xFdVTzFwEc_Vbpy","view","true","","false"
"https://drive.google.com/file/d/1XqRNe8iWyzCOCfVYk28C2Z4Hf4b_CMEo/view?usp=sharing","1XqRNe8iWyzCOCfVYk28C2Z4Hf4b_CMEo","https://drive.google.com/uc?id=1XqRNe8iWyzCOCfVYk28C2Z4Hf4b_CMEo","view","true","","false"
"https://drive.google.com/file/d/1YhVyAhK12jGTu-HYWs4jMoADYKJbuy3q/view?usp=sharing","1YhVyAhK12jGTu-HYWs4jMoADYKJbuy3q","https://drive.google.com/uc?id=1YhVyAhK12jGTu-HYWs4jMoADYKJbuy3q","view","true","","false"
"https://drive.google.com/file/d/1Yw1214UltPVhiejxGfujX915Sg5WHXLy/view?usp=sharing","1Yw1214UltPVhiejxGfujX915Sg5WHXLy","https://drive.google.com/uc?id=1Yw1214UltPVhiejxGfujX915Sg5WHXLy","view","true","","false"
"https://drive.google.com/file/d/1Zxq6crkZ3y_JIvCx70TCVEz8OOxmp2xD/view?usp=sharing","1Zxq6crkZ3y_JIvCx70TCVEz8OOxmp2xD","https://drive.google.com/uc?id=1Zxq6crkZ3y_JIvCx70TCVEz8OOxmp2xD","view","true","","false"
"https://drive.google.com/file/d/1_5Q4u_-vIqlmZniFExvoZjaWFPw7-o0A/view?usp=sharing","1_5Q4u_-vIqlmZniFExvoZjaWFPw7-o0A","https://drive.google.com/uc?id=1_5Q4u_-vIqlmZniFExvoZjaWFPw7-o0A","view","true","","false"
"https://drive.google.com/file/d/1_A9XEc3qfIjEUjBgypoyPnKuSIu8zavi/view?usp=sharing","1_A9XEc3qfIjEUjBgypoyPnKuSIu8zavi","https://drive.google.com/uc?id=1_A9XEc3qfIjEUjBgypoyPnKuSIu8zavi","view","true","","false"
"https://drive.google.com/file/d/1_hQISadmv-mUOCeua3_tHGnuatJTCkGq/view?usp=sharing","1_hQISadmv-mUOCeua3_tHGnuatJTCkGq","https://drive.google.com/uc?id=1_hQISadmv-mUOCeua3_tHGnuatJTCkGq","view","true","","false"
"https://drive.google.com/file/d/1_qETDDWEf1QTeGLW9zUe55vtRuTvVr-K/view?usp=sharing","1_qETDDWEf1QTeGLW9zUe55vtRuTvVr-K","https://drive.google.com/uc?id=1_qETDDWEf1QTeGLW9zUe55vtRuTvVr-K","view","true","","false"
"https://drive.google.com/file/d/1_ywu-eZilpaxnxa6J_2ZeXxKtVkjwyJ3/view?usp=sharing","1_ywu-eZilpaxnxa6J_2ZeXxKtVkjwyJ3","https://drive.google.com/uc?id=1_ywu-eZilpaxnxa6J_2ZeXxKtVkjwyJ3","view","true","","false"
"https://drive.google.com/file/d/1btjRp-mfQWGo0aitDKZ7WEv-Z3kVG6yQ/view?usp=sharing","1btjRp-mfQWGo0aitDKZ7WEv-Z3kVG6yQ","https://drive.google.com/uc?id=1btjRp-mfQWGo0aitDKZ7WEv-Z3kVG6yQ","view","true","","false"
"https://drive.google.com/file/d/1cUgBoUlAdnw77Dz1PRAXiCt_d2Ps3dfy/view?usp=sharing","1cUgBoUlAdnw77Dz1PRAXiCt_d2Ps3dfy","https://drive.google.com/uc?id=1cUgBoUlAdnw77Dz1PRAXiCt_d2Ps3dfy","view","true","","false"
"https://drive.google.com/file/d/1chFK_QWIE7pDoNnGHfkWD6dgPLc3URoY/view?usp=sharing","1chFK_QWIE7pDoNnGHfkWD6dgPLc3URoY","https://drive.google.com/uc?id=1chFK_QWIE7pDoNnGHfkWD6dgPLc3URoY","view","true","","false"
"https://drive.google.com/file/d/1dwwe3IDypfJLKPw6E8bZWG1Gu2hIdLp3/view?usp=sharing","1dwwe3IDypfJLKPw6E8bZWG1Gu2hIdLp3","https://drive.google.com/uc?id=1dwwe3IDypfJLKPw6E8bZWG1Gu2hIdLp3","view","true","","false"
"https://drive.google.com/file/d/1eLGctOnQT0I9R4GTjue7pQFRwxo8cctK/view?usp=sharing","1eLGctOnQT0I9R4GTjue7pQFRwxo8cctK","https://drive.google.com/uc?id=1eLGctOnQT0I9R4GTjue7pQFRwxo8cctK","view","true","","false"
"https://drive.google.com/file/d/1eg9FR-pcsbYjSFMWkhxNU89thbQt-Vsx/view?usp=sharing","1eg9FR-pcsbYjSFMWkhxNU89thbQt-Vsx","https://drive.google.com/uc?id=1eg9FR-pcsbYjSFMWkhxNU89thbQt-Vsx","view","true","","false"
"https://drive.google.com/file/d/1fjZR1_OsScvJFmOSYdDhOgrLNBUywzzB/view?usp=sharing","1fjZR1_OsScvJFmOSYdDhOgrLNBUywzzB","https://drive.google.com/uc?id=1fjZR1_OsScvJFmOSYdDhOgrLNBUywzzB","view","true","","false"
"https://drive.google.com/file/d/1fwWdkitc1Va10hbXA0bwP9Q4MpXxD6Eh/view?usp=sharing","1fwWdkitc1Va10hbXA0bwP9Q4MpXxD6Eh","https://drive.google.com/uc?id=1fwWdkitc1Va10hbXA0bwP9Q4MpXxD6Eh","view","true","","false"
"https://drive.google.com/file/d/1hRnCy7E8jSnrZxV-3bXAtetpGCEUCcGm/view?usp=sharing","1hRnCy7E8jSnrZxV-3bXAtetpGCEUCcGm","https://drive.google.com/uc?id=1hRnCy7E8jSnrZxV-3bXAtetpGCEUCcGm","view","true","","false"
"https://drive.google.com/file/d/1igtlqr5ImdcUb9_LPz0af8sESLe0dWbA/view?usp=sharing","1igtlqr5ImdcUb9_LPz0af8sESLe0dWbA","https://drive.google.com/uc?id=1igtlqr5ImdcUb9_LPz0af8sESLe0dWbA","view","true","","false"
"https://drive.google.com/file/d/1jEWSTx8sqjQR9j1E-kT8bA0iZg3MZu-k/view?usp=sharing","1jEWSTx8sqjQR9j1E-kT8bA0iZg3MZu-k","https://drive.google.com/uc?id=1jEWSTx8sqjQR9j1E-kT8bA0iZg3MZu-k","view","true","","false"
"https://drive.google.com/file/d/1kbICaTwfKdrJQgBUxYQ_S7lP2VZpWxbT/view?usp=sharing","1kbICaTwfKdrJQgBUxYQ_S7lP2VZpWxbT","https://drive.google.com/uc?id=1kbICaTwfKdrJQgBUxYQ_S7lP2VZpWxbT","view","true","","false"
"https://drive.google.com/file/d/1ko5skn_OWUY4zxD0HnmdSOtCX8eGH1Cl/view?usp=sharing","1ko5skn_OWUY4zxD0HnmdSOtCX8eGH1Cl","https://drive.google.com/uc?id=1ko5skn_OWUY4zxD0HnmdSOtCX8eGH1Cl","view","true","","false"
"https://drive.google.com/file/d/1lJOc2erXYY8o4Pp0IM5wQ-HyXMybzd2O/view?usp=sharing","1lJOc2erXYY8o4Pp0IM5wQ-HyXMybzd2O","https://drive.google.com/uc?id=1lJOc2erXYY8o4Pp0IM5wQ-HyXMybzd2O","view","true","","false"
"https://drive.google.com/file/d/1lZxyeM64YhMuSjyAUEONPHrw0bh7XV4D/view?usp=sharing","1lZxyeM64YhMuSjyAUEONPHrw0bh7XV4D","https://drive.google.com/uc?id=1lZxyeM64YhMuSjyAUEONPHrw0bh7XV4D","view","true","","false"
"https://drive.google.com/file/d/1mcs5TjSsBrf7bPWh4FaYa5C6GD0RkNEO/view?usp=sharing","1mcs5TjSsBrf7bPWh4FaYa5C6GD0RkNEO","https://drive.google.com/uc?id=1mcs5TjSsBrf7bPWh4FaYa5C6GD0RkNEO","view","true","","false"
"https://drive.google.com/file/d/1meXUBCYp_qQPbVscnJwpdthwEv82q_Fw/view?usp=sharing","1meXUBCYp_qQPbVscnJwpdthwEv82q_Fw","https://drive.google.com/uc?id=1meXUBCYp_qQPbVscnJwpdthwEv82q_Fw","view","true","","false"
"https://drive.google.com/file/d/1mo9DB9-uADDuqkhevzkAOYNIcbdPF68D/view?usp=sharing","1mo9DB9-uADDuqkhevzkAOYNIcbdPF68D","https://drive.google.com/uc?id=1mo9DB9-uADDuqkhevzkAOYNIcbdPF68D","view","true","","false"
"https://drive.google.com/file/d/1nEudUbhIATDOhFSqrB9aid3ux3j58Ecx/view?usp=sharing","1nEudUbhIATDOhFSqrB9aid3ux3j58Ecx","https://drive.google.com/uc?id=1nEudUbhIATDOhFSqrB9aid3ux3j58Ecx","view","true","","false"
"https://drive.google.com/file/d/1nLPD8RXdiup8enc4vghOO_vKQ6r-nECU/view?usp=sharing","1nLPD8RXdiup8enc4vghOO_vKQ6r-nECU","https://drive.google.com/uc?id=1nLPD8RXdiup8enc4vghOO_vKQ6r-nECU","view","true","","false"
"https://drive.google.com/file/d/1ojN0-bnglwO0ITNCpKP4gGlbsOvIvzVu/view?usp=sharing","1ojN0-bnglwO0ITNCpKP4gGlbsOvIvzVu","https://drive.google.com/uc?id=1ojN0-bnglwO0ITNCpKP4gGlbsOvIvzVu","view","true","","false"
"https://drive.google.com/file/d/1pUQMdMfcD7VDc3tuw1auKILTVYrdov86/view?usp=sharing","1pUQMdMfcD7VDc3tuw1auKILTVYrdov86","https://drive.google.com/uc?id=1pUQMdMfcD7VDc3tuw1auKILTVYrdov86","view","true","","false"
"https://drive.google.com/file/d/1ptoAt4fhV1TKpFk8yKRJV4kaO24gAhA8/view?usp=sharing","1ptoAt4fhV1TKpFk8yKRJV4kaO24gAhA8","https://drive.google.com/uc?id=1ptoAt4fhV1TKpFk8yKRJV4kaO24gAhA8","view","true","","false"
"https://drive.google.com/file/d/1qku0WHSYWd70hpFjII8Rj8NgAGBwBHQn/view?usp=sharing","1qku0WHSYWd70hpFjII8Rj8NgAGBwBHQn","https://drive.google.com/uc?id=1qku0WHSYWd70hpFjII8Rj8NgAGBwBHQn","view","true","","false"
"https://drive.google.com/file/d/1snSU0kuK1Ve-0Cf1S5hUkX5YL3U259oT/view?usp=sharing","1snSU0kuK1Ve-0Cf1S5hUkX5YL3U259oT","https://drive.google.com/uc?id=1snSU0kuK1Ve-0Cf1S5hUkX5YL3U259oT","view","true","","false"
"https://drive.google.com/file/d/1sw7kyrcZ15Qn0HQUN8rlc4UpE-hZo3tT/view?usp=sharing","1sw7kyrcZ15Qn0HQUN8rlc4UpE-hZo3tT","https://drive.google.com/uc?id=1sw7kyrcZ15Qn0HQUN8rlc4UpE-hZo3tT","view","true","","false"
"https://drive.google.com/file/d/1tVBsZTiXlhni3bLIuxh7MTpOf-4UT_DR/view?usp=sharing","1tVBsZTiXlhni3bLIuxh7MTpOf-4UT_DR","https://drive.google.com/uc?id=1tVBsZTiXlhni3bLIuxh7MTpOf-4UT_DR","view","true","","false"
"https://drive.google.com/file/d/1tcQuvzOcBBCSJ1cEXti6S2NtxvuYpzaP/view?usp=sharing","1tcQuvzOcBBCSJ1cEXti6S2NtxvuYpzaP","https://drive.google.com/uc?id=1tcQuvzOcBBCSJ1cEXti6S2NtxvuYpzaP","view","true","","false"
"https://drive.google.com/file/d/1tpB-TXqVfOnzgtzwwEv72ZRnpUEVNx50/view?usp=sharing","1tpB-TXqVfOnzgtzwwEv72ZRnpUEVNx50","https://drive.google.com/uc?id=1tpB-TXqVfOnzgtzwwEv72ZRnpUEVNx50","view","true","","false"
"https://drive.google.com/file/d/1vZ95cPY-IoC2BTqVx2VcIk1kMRR20eZS/view?usp=sharing","1vZ95cPY-IoC2BTqVx2VcIk1kMRR20eZS","https://drive.google.com/uc?id=1vZ95cPY-IoC2BTqVx2VcIk1kMRR20eZS","view","true","","false"
"https://drive.google.com/file/d/1vh4PgR7ouSeLIfEDcPXwP7Ik7jjM6r9y/view?usp=sharing","1vh4PgR7ouSeLIfEDcPXwP7Ik7jjM6r9y","https://drive.google.com/uc?id=1vh4PgR7ouSeLIfEDcPXwP7Ik7jjM6r9y","view","true","","false"
"https://drive.google.com/file/d/1wa9VsjTcpecEmNrcSKblKn7f7LUBgtcl/view?usp=sharing","1wa9VsjTcpecEmNrcSKblKn7f7LUBgtcl","https://drive.google.com/uc?id=1wa9VsjTcpecEmNrcSKblKn7f7LUBgtcl","view","true","","false"
"https://drive.google.com/file/d/1wyMfVOmpCnXpm78wZhqQcEd4ECZWhl4L/view?usp=sharing","1wyMfVOmpCnXpm78wZhqQcEd4ECZWhl4L","https://drive.google.com/uc?id=1wyMfVOmpCnXpm78wZhqQcEd4ECZWhl4L","view","true","","false"
"https://drive.google.com/file/d/1xlrnJi3uwNLWxWazSf9arYoACuQhLsYe/view?usp=sharing","1xlrnJi3uwNLWxWazSf9arYoACuQhLsYe","https://drive.google.com/uc?id=1xlrnJi3uwNLWxWazSf9arYoACuQhLsYe","view","true","","false"
"https://drive.google.com/file/d/1y2rOmMl21F4YsiidBygL-Qzke3rT2ZKX/view?usp=sharing","1y2rOmMl21F4YsiidBygL-Qzke3rT2ZKX","https://drive.google.com/uc?id=1y2rOmMl21F4YsiidBygL-Qzke3rT2ZKX","view","true","","false"
"https://drive.google.com/file/d/1yVIpS4ayVxx5juRdvgh0SqNQj7vt9UFf/view?usp=sharing","1yVIpS4ayVxx5juRdvgh0SqNQj7vt9UFf","https://drive.google.com/uc?id=1yVIpS4ayVxx5juRdvgh0SqNQj7vt9UFf","view","true","","false"
"https://drive.google.com/file/d/1yvd7_kzlN1Qi5WfxkiVsfbHV6A1SfJsE/view?usp=sharing","1yvd7_kzlN1Qi5WfxkiVsfbHV6A1SfJsE","https://drive.google.com/uc?id=1yvd7_kzlN1Qi5WfxkiVsfbHV6A1SfJsE","view","true","","false"
"https://drive.google.com/file/d/1z73LRBT_DBZJgSvrRoEqK2uYb1RGh-7Q/view?usp=sharing","1z73LRBT_DBZJgSvrRoEqK2uYb1RGh-7Q","https://drive.google.com/uc?id=1z73LRBT_DBZJgSvrRoEqK2uYb1RGh-7Q","view","true","","false"
"https://drive.google.com/file/d/1z9xF0NBH9muwnPYpqLRWldumzUpi61EC/view?usp=sharing","1z9xF0NBH9muwnPYpqLRWldumzUpi61EC","https://drive.google.com/uc?id=1z9xF0NBH9muwnPYpqLRWldumzUpi61EC","view","true","","false"
"https://drive.google.com/file/d/1zL_z3p0jZnDV7ivATt3rYPGivWUlAIKA/view?usp=sharing","1zL_z3p0jZnDV7ivATt3rYPGivWUlAIKA","https://drive.google.com/uc?id=1zL_z3p0jZnDV7ivATt3rYPGivWUlAIKA","view","true","","false"
"https://drive.google.com/file/d/1MVhzuHTYsE3knT91vlX4bgFbhJFYYnBo/view?usp=sharing","1MVhzuHTYsE3knT91vlX4bgFbhJFYYnBo","https://drive.google.com/uc?id=1MVhzuHTYsE3knT91vlX4bgFbhJFYYnBo","view","true","","false"
"https://drive.google.com/file/d/1agti3NI7j01QgjmSyr-qJEJ9D1LIV7yc/view?usp=sharing","1agti3NI7j01QgjmSyr-qJEJ9D1LIV7yc","https://drive.google.com/uc?id=1agti3NI7j01QgjmSyr-qJEJ9D1LIV7yc","view","true","","false"
"https://drive.google.com/file/d/1GLuEl9ofDqEEpmHhz4zKsNIJtk2QwXUq/view?usp=sharing","1GLuEl9ofDqEEpmHhz4zKsNIJtk2QwXUq","https://drive.google.com/uc?id=1GLuEl9ofDqEEpmHhz4zKsNIJtk2QwXUq","view","true","","false"
"https://drive.google.com/file/d/13EiyP-z8jgzT2X8y5XwiR-umUdgKW2FU/view?usp=sharing","13EiyP-z8jgzT2X8y5XwiR-umUdgKW2FU","https://drive.google.com/uc?id=13EiyP-z8jgzT2X8y5XwiR-umUdgKW2FU","view","true","","false"
"https://drive.google.com/file/d/172TWrxb1W6ryYc7n68cbTkl0n7ZQASS5/view?usp=sharing","172TWrxb1W6ryYc7n68cbTkl0n7ZQASS5","https://drive.google.com/uc?id=172TWrxb1W6ryYc7n68cbTkl0n7ZQASS5","view","true","","false"
"https://drive.google.com/file/d/1tYYArOm05IEhZfmqG_mJsu5W6cKl8otT/view?usp=sharing","1tYYArOm05IEhZfmqG_mJsu5W6cKl8otT","https://drive.google.com/uc?id=1tYYArOm05IEhZfmqG_mJsu5W6cKl8otT","view","true","","false"
"https://drive.google.com/file/d/1-jWhu5O1GqNHz_gb5nkzrep8zC1iAOyk/view?usp=sharing","1-jWhu5O1GqNHz_gb5nkzrep8zC1iAOyk","https://drive.google.com/uc?id=1-jWhu5O1GqNHz_gb5nkzrep8zC1iAOyk","view","true","","false"
"https://drive.google.com/file/d/13zMkNoXpk-YEJ9Nty17Txfl5iON-vc4k/view?usp=sharing","13zMkNoXpk-YEJ9Nty17Txfl5iON-vc4k","https://drive.google.com/uc?id=13zMkNoXpk-YEJ9Nty17Txfl5iON-vc4k","view","true","","false"
"https://drive.google.com/file/d/1Ceu2iukhNjdg1VQtMXzgut3pwIO-z7R8/view?usp=sharing","1Ceu2iukhNjdg1VQtMXzgut3pwIO-z7R8","https://drive.google.com/uc?id=1Ceu2iukhNjdg1VQtMXzgut3pwIO-z7R8","view","true","","false"
"https://drive.google.com/file/d/1MSxQF9YAeCmrDviRwVw4EcyP8jO2wjgH/view?usp=sharing","1MSxQF9YAeCmrDviRwVw4EcyP8jO2wjgH","https://drive.google.com/uc?id=1MSxQF9YAeCmrDviRwVw4EcyP8jO2wjgH","view","true","","false"
"https://drive.google.com/file/d/1RVMSys4NYIC1e-rlrPAVripbBHEV61NZ/view?usp=sharing","1RVMSys4NYIC1e-rlrPAVripbBHEV61NZ","https://drive.google.com/uc?id=1RVMSys4NYIC1e-rlrPAVripbBHEV61NZ","view","true","","false"
"https://drive.google.com/file/d/1WT-A8ZqDf2JAJ1l3EIt4YF8FEx_HuzY3/view?usp=sharing","1WT-A8ZqDf2JAJ1l3EIt4YF8FEx_HuzY3","https://drive.google.com/uc?id=1WT-A8ZqDf2JAJ1l3EIt4YF8FEx_HuzY3","view","true","","false"
"https://drive.google.com/file/d/1jRCdk3tH-fRfZHyF2r5cEWk9IooMh4UT/view?usp=sharing","1jRCdk3tH-fRfZHyF2r5cEWk9IooMh4UT","https://drive.google.com/uc?id=1jRCdk3tH-fRfZHyF2r5cEWk9IooMh4UT","view","true","","false"
"https://drive.google.com/file/d/1jTqzBUTz11sDV5ebdkqj8LN93B-8zeFw/view?usp=sharing","1jTqzBUTz11sDV5ebdkqj8LN93B-8zeFw","https://drive.google.com/uc?id=1jTqzBUTz11sDV5ebdkqj8LN93B-8zeFw","view","true","","false"
"https://drive.google.com/file/d/1npABqcy1TK6gdwR9TRbjJoTuQZsGEq7R/view?usp=sharing","1npABqcy1TK6gdwR9TRbjJoTuQZsGEq7R","https://drive.google.com/uc?id=1npABqcy1TK6gdwR9TRbjJoTuQZsGEq7R","view","true","","false"
